-- MySQL dump 10.13  Distrib 8.0.46, for Win64 (x86_64)
--
-- Host: 127.0.0.1    Database: qlsv
-- ------------------------------------------------------
-- Server version	9.7.0

/*!40101 SET @OLD_CHARACTER_SET_CLIENT=@@CHARACTER_SET_CLIENT */;
/*!40101 SET @OLD_CHARACTER_SET_RESULTS=@@CHARACTER_SET_RESULTS */;
/*!40101 SET @OLD_COLLATION_CONNECTION=@@COLLATION_CONNECTION */;
/*!50503 SET NAMES utf8 */;
/*!40103 SET @OLD_TIME_ZONE=@@TIME_ZONE */;
/*!40103 SET TIME_ZONE='+00:00' */;
/*!40014 SET @OLD_UNIQUE_CHECKS=@@UNIQUE_CHECKS, UNIQUE_CHECKS=0 */;
/*!40014 SET @OLD_FOREIGN_KEY_CHECKS=@@FOREIGN_KEY_CHECKS, FOREIGN_KEY_CHECKS=0 */;
/*!40101 SET @OLD_SQL_MODE=@@SQL_MODE, SQL_MODE='NO_AUTO_VALUE_ON_ZERO' */;
/*!40111 SET @OLD_SQL_NOTES=@@SQL_NOTES, SQL_NOTES=0 */;
SET @MYSQLDUMP_TEMP_LOG_BIN = @@SESSION.SQL_LOG_BIN;
SET @@SESSION.SQL_LOG_BIN= 0;

--
-- GTID state at the beginning of the backup 
--

SET @@GLOBAL.GTID_PURGED=/*!80000 '+'*/ 'd5f339bb-590b-11f1-b192-e4a8dfba5018:1-142';

--
-- Table structure for table `diem`
--

DROP TABLE IF EXISTS `diem`;
/*!40101 SET @saved_cs_client     = @@character_set_client */;
/*!50503 SET character_set_client = utf8mb4 */;
CREATE TABLE `diem` (
  `MaDiem` int NOT NULL AUTO_INCREMENT,
  `MSSV` varchar(20) NOT NULL,
  `MaMonHoc` varchar(20) NOT NULL,
  `HocKy` varchar(20) NOT NULL,
  `DiemQuaTrinh` decimal(4,2) DEFAULT NULL,
  `DiemGiuaKy` decimal(4,2) DEFAULT NULL,
  `DiemCuoiKy` decimal(4,2) DEFAULT NULL,
  PRIMARY KEY (`MaDiem`),
  KEY `MSSV` (`MSSV`),
  KEY `MaMonHoc` (`MaMonHoc`),
  CONSTRAINT `diem_ibfk_1` FOREIGN KEY (`MSSV`) REFERENCES `sinhvien` (`MSSV`) ON DELETE CASCADE,
  CONSTRAINT `diem_ibfk_2` FOREIGN KEY (`MaMonHoc`) REFERENCES `monhoc` (`MaMonHoc`)
) ENGINE=InnoDB AUTO_INCREMENT=4 DEFAULT CHARSET=utf8mb4 COLLATE=utf8mb4_0900_ai_ci;
/*!40101 SET character_set_client = @saved_cs_client */;

--
-- Dumping data for table `diem`
--

LOCK TABLES `diem` WRITE;
/*!40000 ALTER TABLE `diem` DISABLE KEYS */;
INSERT INTO `diem` VALUES (1,'123456','IT001','HK1_2025_2026',8.50,7.00,9.00),(2,'2380610573','IT001','HK1_2025_2026',7.00,6.50,8.00),(3,'2380610574','IT002','HK1_2025_2026',9.00,8.50,8.50);
/*!40000 ALTER TABLE `diem` ENABLE KEYS */;
UNLOCK TABLES;

--
-- Table structure for table `diemdanh`
--

DROP TABLE IF EXISTS `diemdanh`;
/*!40101 SET @saved_cs_client     = @@character_set_client */;
/*!50503 SET character_set_client = utf8mb4 */;
CREATE TABLE `diemdanh` (
  `MaDiemDanh` int NOT NULL AUTO_INCREMENT,
  `MaLichHoc` int NOT NULL,
  `MSSV` varchar(20) NOT NULL,
  `NgayDiemDanh` date NOT NULL,
  `TrangThai` enum('Có mặt','Vắng mặt','Có phép') NOT NULL,
  PRIMARY KEY (`MaDiemDanh`),
  KEY `MaLichHoc` (`MaLichHoc`),
  KEY `MSSV` (`MSSV`),
  CONSTRAINT `diemdanh_ibfk_1` FOREIGN KEY (`MaLichHoc`) REFERENCES `lichhoc` (`MaLichHoc`) ON DELETE CASCADE,
  CONSTRAINT `diemdanh_ibfk_2` FOREIGN KEY (`MSSV`) REFERENCES `sinhvien` (`MSSV`) ON DELETE CASCADE
) ENGINE=InnoDB DEFAULT CHARSET=utf8mb4 COLLATE=utf8mb4_0900_ai_ci;
/*!40101 SET character_set_client = @saved_cs_client */;

--
-- Dumping data for table `diemdanh`
--

LOCK TABLES `diemdanh` WRITE;
/*!40000 ALTER TABLE `diemdanh` DISABLE KEYS */;
/*!40000 ALTER TABLE `diemdanh` ENABLE KEYS */;
UNLOCK TABLES;

--
-- Table structure for table `giangvien`
--

DROP TABLE IF EXISTS `giangvien`;
/*!40101 SET @saved_cs_client     = @@character_set_client */;
/*!50503 SET character_set_client = utf8mb4 */;
CREATE TABLE `giangvien` (
  `MaGiangVien` varchar(20) NOT NULL,
  `HoTen` varchar(100) NOT NULL,
  `Email` varchar(100) DEFAULT NULL,
  `SoDienThoai` varchar(15) DEFAULT NULL,
  `MaKhoa` varchar(20) DEFAULT NULL,
  PRIMARY KEY (`MaGiangVien`),
  KEY `MaKhoa` (`MaKhoa`),
  CONSTRAINT `giangvien_ibfk_1` FOREIGN KEY (`MaGiangVien`) REFERENCES `users` (`TaiKhoan`) ON DELETE CASCADE,
  CONSTRAINT `giangvien_ibfk_2` FOREIGN KEY (`MaKhoa`) REFERENCES `khoa` (`MaKhoa`)
) ENGINE=InnoDB DEFAULT CHARSET=utf8mb4 COLLATE=utf8mb4_0900_ai_ci;
/*!40101 SET character_set_client = @saved_cs_client */;

--
-- Dumping data for table `giangvien`
--

LOCK TABLES `giangvien` WRITE;
/*!40000 ALTER TABLE `giangvien` DISABLE KEYS */;
INSERT INTO `giangvien` VALUES ('GV001','TS. Nguyễn Hữu A','nha@truong.edu.vn','0901111111','CNTT'),('GV002','ThS. Trần Thị B','ttb@truong.edu.vn','0902222222','CNTT');
/*!40000 ALTER TABLE `giangvien` ENABLE KEYS */;
UNLOCK TABLES;

--
-- Table structure for table `khoa`
--

DROP TABLE IF EXISTS `khoa`;
/*!40101 SET @saved_cs_client     = @@character_set_client */;
/*!50503 SET character_set_client = utf8mb4 */;
CREATE TABLE `khoa` (
  `MaKhoa` varchar(20) NOT NULL,
  `TenKhoa` varchar(100) NOT NULL,
  PRIMARY KEY (`MaKhoa`)
) ENGINE=InnoDB DEFAULT CHARSET=utf8mb4 COLLATE=utf8mb4_0900_ai_ci;
/*!40101 SET character_set_client = @saved_cs_client */;

--
-- Dumping data for table `khoa`
--

LOCK TABLES `khoa` WRITE;
/*!40000 ALTER TABLE `khoa` DISABLE KEYS */;
INSERT INTO `khoa` VALUES ('CNTT','Công nghệ Thông tin'),('KT','Kinh tế - Tài chính');
/*!40000 ALTER TABLE `khoa` ENABLE KEYS */;
UNLOCK TABLES;

--
-- Table structure for table `lichhoc`
--

DROP TABLE IF EXISTS `lichhoc`;
/*!40101 SET @saved_cs_client     = @@character_set_client */;
/*!50503 SET character_set_client = utf8mb4 */;
CREATE TABLE `lichhoc` (
  `MaLichHoc` int NOT NULL AUTO_INCREMENT,
  `MaPhanCong` int NOT NULL,
  `Thu` int DEFAULT NULL,
  `CaHoc` int DEFAULT NULL,
  `PhongHoc` varchar(50) DEFAULT NULL,
  PRIMARY KEY (`MaLichHoc`),
  KEY `MaPhanCong` (`MaPhanCong`),
  CONSTRAINT `lichhoc_ibfk_1` FOREIGN KEY (`MaPhanCong`) REFERENCES `phanconggiangday` (`MaPhanCong`) ON DELETE CASCADE
) ENGINE=InnoDB AUTO_INCREMENT=3 DEFAULT CHARSET=utf8mb4 COLLATE=utf8mb4_0900_ai_ci;
/*!40101 SET character_set_client = @saved_cs_client */;

--
-- Dumping data for table `lichhoc`
--

LOCK TABLES `lichhoc` WRITE;
/*!40000 ALTER TABLE `lichhoc` DISABLE KEYS */;
INSERT INTO `lichhoc` VALUES (1,1,2,1,'Phòng A1-101'),(2,2,4,3,'Phòng B2-202');
/*!40000 ALTER TABLE `lichhoc` ENABLE KEYS */;
UNLOCK TABLES;

--
-- Table structure for table `lophoc`
--

DROP TABLE IF EXISTS `lophoc`;
/*!40101 SET @saved_cs_client     = @@character_set_client */;
/*!50503 SET character_set_client = utf8mb4 */;
CREATE TABLE `lophoc` (
  `MaLop` varchar(20) NOT NULL,
  `TenLop` varchar(50) NOT NULL,
  `MaKhoa` varchar(20) DEFAULT NULL,
  PRIMARY KEY (`MaLop`),
  KEY `MaKhoa` (`MaKhoa`),
  CONSTRAINT `lophoc_ibfk_1` FOREIGN KEY (`MaKhoa`) REFERENCES `khoa` (`MaKhoa`) ON DELETE SET NULL
) ENGINE=InnoDB DEFAULT CHARSET=utf8mb4 COLLATE=utf8mb4_0900_ai_ci;
/*!40101 SET character_set_client = @saved_cs_client */;

--
-- Dumping data for table `lophoc`
--

LOCK TABLES `lophoc` WRITE;
/*!40000 ALTER TABLE `lophoc` DISABLE KEYS */;
INSERT INTO `lophoc` VALUES ('23DTH1','Kỹ thuật phần mềm 1','CNTT'),('23DTH2','An toàn thông tin 1','CNTT');
/*!40000 ALTER TABLE `lophoc` ENABLE KEYS */;
UNLOCK TABLES;

--
-- Table structure for table `monhoc`
--

DROP TABLE IF EXISTS `monhoc`;
/*!40101 SET @saved_cs_client     = @@character_set_client */;
/*!50503 SET character_set_client = utf8mb4 */;
CREATE TABLE `monhoc` (
  `MaMonHoc` varchar(20) NOT NULL,
  `TenMonHoc` varchar(100) NOT NULL,
  `SoTinChi` int NOT NULL,
  PRIMARY KEY (`MaMonHoc`)
) ENGINE=InnoDB DEFAULT CHARSET=utf8mb4 COLLATE=utf8mb4_0900_ai_ci;
/*!40101 SET character_set_client = @saved_cs_client */;

--
-- Dumping data for table `monhoc`
--

LOCK TABLES `monhoc` WRITE;
/*!40000 ALTER TABLE `monhoc` DISABLE KEYS */;
INSERT INTO `monhoc` VALUES ('IT001','Lập trình ứng dụng di động (Flutter)',3),('IT002','Phân tích thiết kế hệ thống',3),('IT003','Bảo mật cơ sở dữ liệu',3);
/*!40000 ALTER TABLE `monhoc` ENABLE KEYS */;
UNLOCK TABLES;

--
-- Table structure for table `nopbai`
--

DROP TABLE IF EXISTS `nopbai`;
/*!40101 SET @saved_cs_client     = @@character_set_client */;
/*!50503 SET character_set_client = utf8mb4 */;
CREATE TABLE `nopbai` (
  `MaNopBai` int NOT NULL AUTO_INCREMENT,
  `MaTaiLieu` int NOT NULL,
  `MSSV` varchar(20) NOT NULL,
  `FileUrl` varchar(255) DEFAULT NULL,
  `ThoiGianNop` datetime DEFAULT CURRENT_TIMESTAMP,
  `Diem` decimal(4,2) DEFAULT NULL,
  PRIMARY KEY (`MaNopBai`),
  KEY `MaTaiLieu` (`MaTaiLieu`),
  KEY `MSSV` (`MSSV`),
  CONSTRAINT `nopbai_ibfk_1` FOREIGN KEY (`MaTaiLieu`) REFERENCES `tailieu_baitap` (`MaTaiLieu`) ON DELETE CASCADE,
  CONSTRAINT `nopbai_ibfk_2` FOREIGN KEY (`MSSV`) REFERENCES `sinhvien` (`MSSV`)
) ENGINE=InnoDB DEFAULT CHARSET=utf8mb4 COLLATE=utf8mb4_0900_ai_ci;
/*!40101 SET character_set_client = @saved_cs_client */;

--
-- Dumping data for table `nopbai`
--

LOCK TABLES `nopbai` WRITE;
/*!40000 ALTER TABLE `nopbai` DISABLE KEYS */;
/*!40000 ALTER TABLE `nopbai` ENABLE KEYS */;
UNLOCK TABLES;

--
-- Table structure for table `phanconggiangday`
--

DROP TABLE IF EXISTS `phanconggiangday`;
/*!40101 SET @saved_cs_client     = @@character_set_client */;
/*!50503 SET character_set_client = utf8mb4 */;
CREATE TABLE `phanconggiangday` (
  `MaPhanCong` int NOT NULL AUTO_INCREMENT,
  `MaGiangVien` varchar(20) DEFAULT NULL,
  `MaMonHoc` varchar(20) DEFAULT NULL,
  `MaLop` varchar(20) DEFAULT NULL,
  `HocKy` varchar(20) NOT NULL,
  PRIMARY KEY (`MaPhanCong`),
  KEY `MaGiangVien` (`MaGiangVien`),
  KEY `MaMonHoc` (`MaMonHoc`),
  KEY `MaLop` (`MaLop`),
  CONSTRAINT `phanconggiangday_ibfk_1` FOREIGN KEY (`MaGiangVien`) REFERENCES `giangvien` (`MaGiangVien`),
  CONSTRAINT `phanconggiangday_ibfk_2` FOREIGN KEY (`MaMonHoc`) REFERENCES `monhoc` (`MaMonHoc`),
  CONSTRAINT `phanconggiangday_ibfk_3` FOREIGN KEY (`MaLop`) REFERENCES `lophoc` (`MaLop`)
) ENGINE=InnoDB AUTO_INCREMENT=3 DEFAULT CHARSET=utf8mb4 COLLATE=utf8mb4_0900_ai_ci;
/*!40101 SET character_set_client = @saved_cs_client */;

--
-- Dumping data for table `phanconggiangday`
--

LOCK TABLES `phanconggiangday` WRITE;
/*!40000 ALTER TABLE `phanconggiangday` DISABLE KEYS */;
INSERT INTO `phanconggiangday` VALUES (1,'GV001','IT001','23DTH1','HK1_2025_2026'),(2,'GV002','IT002','23DTH1','HK1_2025_2026');
/*!40000 ALTER TABLE `phanconggiangday` ENABLE KEYS */;
UNLOCK TABLES;

--
-- Table structure for table `phanquyen`
--

DROP TABLE IF EXISTS `phanquyen`;
/*!40101 SET @saved_cs_client     = @@character_set_client */;
/*!50503 SET character_set_client = utf8mb4 */;
CREATE TABLE `phanquyen` (
  `MaQuyen` int NOT NULL AUTO_INCREMENT,
  `TenQuyen` varchar(50) NOT NULL,
  PRIMARY KEY (`MaQuyen`)
) ENGINE=InnoDB AUTO_INCREMENT=4 DEFAULT CHARSET=utf8mb4 COLLATE=utf8mb4_0900_ai_ci;
/*!40101 SET character_set_client = @saved_cs_client */;

--
-- Dumping data for table `phanquyen`
--

LOCK TABLES `phanquyen` WRITE;
/*!40000 ALTER TABLE `phanquyen` DISABLE KEYS */;
INSERT INTO `phanquyen` VALUES (1,'Admin'),(2,'Giảng viên'),(3,'Sinh viên');
/*!40000 ALTER TABLE `phanquyen` ENABLE KEYS */;
UNLOCK TABLES;

--
-- Table structure for table `sinhvien`
--

DROP TABLE IF EXISTS `sinhvien`;
/*!40101 SET @saved_cs_client     = @@character_set_client */;
/*!50503 SET character_set_client = utf8mb4 */;
CREATE TABLE `sinhvien` (
  `MSSV` varchar(20) NOT NULL,
  `HoTen` varchar(100) NOT NULL,
  `NgaySinh` date DEFAULT NULL,
  `GioiTinh` enum('Nam','Nữ') DEFAULT NULL,
  `Email` varchar(100) DEFAULT NULL,
  `SoDienThoai` varchar(15) DEFAULT NULL,
  `MaLop` varchar(20) DEFAULT NULL,
  PRIMARY KEY (`MSSV`),
  KEY `MaLop` (`MaLop`),
  CONSTRAINT `sinhvien_ibfk_1` FOREIGN KEY (`MSSV`) REFERENCES `users` (`TaiKhoan`) ON DELETE CASCADE,
  CONSTRAINT `sinhvien_ibfk_2` FOREIGN KEY (`MaLop`) REFERENCES `lophoc` (`MaLop`)
) ENGINE=InnoDB DEFAULT CHARSET=utf8mb4 COLLATE=utf8mb4_0900_ai_ci;
/*!40101 SET character_set_client = @saved_cs_client */;

--
-- Dumping data for table `sinhvien`
--

LOCK TABLES `sinhvien` WRITE;
/*!40000 ALTER TABLE `sinhvien` DISABLE KEYS */;
INSERT INTO `sinhvien` VALUES ('123456','Nguyễn Văn Nam','2004-05-12','Nam','nam@truong.edu.vn','0912345678','23DTH1'),('2380610573','Nguyễn Văn Toàn','2004-08-15','Nam','toan@truong.edu.vn','0911111111','23DTH1'),('2380610574','Lê Hải Điền','2004-02-22','Nam','dien@truong.edu.vn','0922222222','23DTH1'),('2380610575','Trần Mỹ Duyên','2004-11-03','Nữ','duyen@truong.edu.vn','0933333333','23DTH1'),('2380610576','Phạm Tú Uyên','2004-12-04','Nữ','uyen@truong.edu.vn','0944444444','23DTH1');
/*!40000 ALTER TABLE `sinhvien` ENABLE KEYS */;
UNLOCK TABLES;

--
-- Table structure for table `tailieu_baitap`
--

DROP TABLE IF EXISTS `tailieu_baitap`;
/*!40101 SET @saved_cs_client     = @@character_set_client */;
/*!50503 SET character_set_client = utf8mb4 */;
CREATE TABLE `tailieu_baitap` (
  `MaTaiLieu` int NOT NULL AUTO_INCREMENT,
  `MaPhanCong` int NOT NULL,
  `TieuDe` varchar(255) NOT NULL,
  `Loai` enum('Tài liệu','Bài tập') NOT NULL,
  `FileUrl` varchar(255) DEFAULT NULL,
  `HanNop` datetime DEFAULT NULL,
  PRIMARY KEY (`MaTaiLieu`),
  KEY `MaPhanCong` (`MaPhanCong`),
  CONSTRAINT `tailieu_baitap_ibfk_1` FOREIGN KEY (`MaPhanCong`) REFERENCES `phanconggiangday` (`MaPhanCong`) ON DELETE CASCADE
) ENGINE=InnoDB DEFAULT CHARSET=utf8mb4 COLLATE=utf8mb4_0900_ai_ci;
/*!40101 SET character_set_client = @saved_cs_client */;

--
-- Dumping data for table `tailieu_baitap`
--

LOCK TABLES `tailieu_baitap` WRITE;
/*!40000 ALTER TABLE `tailieu_baitap` DISABLE KEYS */;
/*!40000 ALTER TABLE `tailieu_baitap` ENABLE KEYS */;
UNLOCK TABLES;

--
-- Table structure for table `thongbao`
--

DROP TABLE IF EXISTS `thongbao`;
/*!40101 SET @saved_cs_client     = @@character_set_client */;
/*!50503 SET character_set_client = utf8mb4 */;
CREATE TABLE `thongbao` (
  `MaThongBao` int NOT NULL AUTO_INCREMENT,
  `TieuDe` varchar(255) NOT NULL,
  `NoiDung` text NOT NULL,
  `NguoiTao` varchar(20) NOT NULL,
  `MaLop_Nhan` varchar(20) DEFAULT NULL,
  `NgayTao` timestamp NULL DEFAULT CURRENT_TIMESTAMP,
  PRIMARY KEY (`MaThongBao`),
  KEY `NguoiTao` (`NguoiTao`),
  KEY `MaLop_Nhan` (`MaLop_Nhan`),
  CONSTRAINT `thongbao_ibfk_1` FOREIGN KEY (`NguoiTao`) REFERENCES `users` (`TaiKhoan`),
  CONSTRAINT `thongbao_ibfk_2` FOREIGN KEY (`MaLop_Nhan`) REFERENCES `lophoc` (`MaLop`)
) ENGINE=InnoDB DEFAULT CHARSET=utf8mb4 COLLATE=utf8mb4_0900_ai_ci;
/*!40101 SET character_set_client = @saved_cs_client */;

--
-- Dumping data for table `thongbao`
--

LOCK TABLES `thongbao` WRITE;
/*!40000 ALTER TABLE `thongbao` DISABLE KEYS */;
/*!40000 ALTER TABLE `thongbao` ENABLE KEYS */;
UNLOCK TABLES;

--
-- Table structure for table `users`
--

DROP TABLE IF EXISTS `users`;
/*!40101 SET @saved_cs_client     = @@character_set_client */;
/*!50503 SET character_set_client = utf8mb4 */;
CREATE TABLE `users` (
  `TaiKhoan` varchar(20) NOT NULL,
  `password` varchar(100) NOT NULL,
  `MaQuyen` int NOT NULL,
  `NgayTao` timestamp NULL DEFAULT CURRENT_TIMESTAMP,
  PRIMARY KEY (`TaiKhoan`),
  KEY `MaQuyen` (`MaQuyen`),
  CONSTRAINT `users_ibfk_1` FOREIGN KEY (`MaQuyen`) REFERENCES `phanquyen` (`MaQuyen`)
) ENGINE=InnoDB DEFAULT CHARSET=utf8mb4 COLLATE=utf8mb4_0900_ai_ci;
/*!40101 SET character_set_client = @saved_cs_client */;

--
-- Dumping data for table `users`
--

LOCK TABLES `users` WRITE;
/*!40000 ALTER TABLE `users` DISABLE KEYS */;
INSERT INTO `users` VALUES ('123456','123@',3,'2026-05-27 03:53:11'),('2380610573','123456aA@',3,'2026-05-27 03:53:11'),('2380610574','123456aA@',3,'2026-05-27 03:53:11'),('2380610575','123456aA@',3,'2026-05-27 03:53:11'),('2380610576','123456aA@',3,'2026-05-27 03:53:11'),('admin','admin@123',1,'2026-05-27 03:53:11'),('GV001','gv@123',2,'2026-05-27 03:53:11'),('GV002','gv@2025',2,'2026-05-27 03:53:11');
/*!40000 ALTER TABLE `users` ENABLE KEYS */;
UNLOCK TABLES;
SET @@SESSION.SQL_LOG_BIN = @MYSQLDUMP_TEMP_LOG_BIN;
/*!40103 SET TIME_ZONE=@OLD_TIME_ZONE */;

/*!40101 SET SQL_MODE=@OLD_SQL_MODE */;
/*!40014 SET FOREIGN_KEY_CHECKS=@OLD_FOREIGN_KEY_CHECKS */;
/*!40014 SET UNIQUE_CHECKS=@OLD_UNIQUE_CHECKS */;
/*!40101 SET CHARACTER_SET_CLIENT=@OLD_CHARACTER_SET_CLIENT */;
/*!40101 SET CHARACTER_SET_RESULTS=@OLD_CHARACTER_SET_RESULTS */;
/*!40101 SET COLLATION_CONNECTION=@OLD_COLLATION_CONNECTION */;
/*!40111 SET SQL_NOTES=@OLD_SQL_NOTES */;

-- Dump completed on 2026-05-27 11:59:19
